ID,Image,ManufacturerPartNumber,Manufacturer,Description,Category,Subcategory,ProductType,Quantity,TechnicalSpecs,,,,,,,,,,,,,,,
1,QJ3005C.jpeg,QJ3005C,QJE,DC Regulated Power Supply 0-30V 5A,Test & Measurement,Benchtop Power Supplies,Benchtop Power Supply,1,"{"inputVoltage":"220V AC ± 10% 50Hz ± 2Hz","outputVoltageMin":"0V","outputVoltageMax":"30V","outputCurrentMax":"5A","maxPower":"220W","lineRegulation":"CV ≤0.01% + 5mV, CC ≤0.01% + 5mA","loadRegulation":"CV ≤0.01% + 5mV, CC ≤0.01% + 5mA","rippleNoise":"CV=1mVrms, CC=10mArms","voltageAccuracy":"1% ± 1d","currentAccuracy":"1% ± 1d","displayType":"4-digit dual display","resolution":"1mV voltage, 10mA current","operatingTemp":"0-40°C","dimensions":"50x20x30cm","protections":["Over Voltage","Over Current","Short Circuit"]}",,,,,,,,,,,,,,,
2,HT118A.jpg,HT118A,HABOTEST,True RMS LCD Smart Multimeter,Test & Measurement,Multimeters & Voltmeters,Digital Multimeter,1,"{"displayCounts":"6000 counts","displaySize":"2.7 inch LCD (59x36mm)","dcVoltageRange":"0-1000V","acVoltageRange":"0-750V","dcCurrentRange":"0-10A","acCurrentRange":"0-10A","resistanceRange":"0-60MΩ","temperatureRange":"-40~1000��C/-40~1832°F","trueRMS":true,"autoRange":true,"safetyRating":"IEC61010-1 CAT.III 1000V","powerSupply":"2 AA batteries","autoPowerOff":"15 minutes","features":["Continuity","Diode Test","Frequency","Temperature","NCV","Live Test","Data Storage","Max/Min","Duty Ratio","Flashlight","Backlight","Stand"]}",,,,,,,,,,,,,,,
3,MB-V2.jpg,MB-V2,ELEGOO,Power Supply Module - Provides regulated power,Power,Power Supplies,DC Module,1,"{"inputVoltage":"6.5-9V DC","inputConnector":"5.5mm x 2.1mm plug (center positive)","outputVoltage3v3":"3.3V","outputVoltage5v":"5V","outputCurrent":"700mA","regulator":"AMS1117","features":["On/off switch","LED power indicator","USB device connector"],"dimensions":"2.1 x 1.4 inches","compatibility":["Breadboard","Arduino","MB102 style"]}",,,,,,,,,,,,,,,
4,,Unknown,ELEGOO,9V Battery with DC Connector - For portable power supply,Power,Batteries,9V Battery,1,"{"voltage":"9V","type":"Alkaline","connectorType":"DC 2.1mm","capacity":"550mAh"}",,,,,,,,,,,,,,,
5,,EL-CP-003,ELEGOO,830 tie-point breadboard,Tools & Supplies,Prototyping Products,Solderless Breadboard,1,"{"tiePoints":830,"tiePointBreakdown":"630 main + 200 power rails","dimensions":"16.5x5.5x1.0cm","weight":"272g","powerRails":4,"wireCompatibility":"21-26 AWG (0.4-0.7mm)","contactMaterial":"Phosphor bronze","contactRating":"1A","voltageRating":"500V","material":"ABS Plastic","features":"Adhesive backing, Numbered rows/columns"}",,,,,,,,,,,,,,,
6,,Unknown,ELEGOO,Breadboard Expansion Board - Simplifies connections between breadboard and UNO R3,Tools & Supplies,Prototyping Products,Expansion Board,1,"{"type":"Arduino UNO R3 Prototyping Shield","compatibility":["Arduino UNO R3","MEGA 2560 R3","NANO","830 point breadboard"],"chipSupport":["ATMEGA328P","16U2"],"features":["Pre-soldered headers","Power indicators","Reset button","IOREF pin","SDA/SCL pins","Stackable design"],"connections":["Digital Pins 0-13","Analog Pins A0-A5","Power Rails (3.3V, 5V, GND)","ICSP header"],"purpose":"Prototyping shield for compact circuit building"}",,,,,,,,,,,,,,,
7,,Unknown,ELEGOO,USB Cable - For programming and powering the UNO R3,Wire & Cable,Cable Assemblies,USB A to B Cable,1,"{"connectorA":"USB Type A Male","connectorB":"USB Type B Male","length":"1m","wireGauge":"28AWG","usbVersion":"USB 2.0","dataTransferRate":"480 Mbps","dataTransfer":true,"powerDelivery":"5V 500mA","shielding":true,"compatibility":["Arduino UNO R3","Arduino MEGA","Printers","External drives"],"purpose":"Programming and power for Arduino boards"}",,,,,,,,,,,,,,,
8,NUCLEO-H743ZI2.jpg,NUCLEO-H743ZI2,STMicroelectronics,STM32 Nucleo-144 Development Board with STM32H743ZI MCU,Engineering Development Tools,Embedded Processor Development Kits,Development Board,1,"{"mcu":"STM32H743ZI","core":"Arm Cortex-M7","clockSpeed":"480 MHz","flashMemory":"2MB","ram":"1MB","package":"LQFP144","operatingVoltage":"5V","digitalIO":"144 pins available","connectivity":["Arduino Uno V3","ST Zio connector","ST morpho headers"],"debugger":"ST-LINK/V2-1","interfaces":["USB OTG","Ethernet RJ45","USB Type-C"],"features":["3 user LEDs","2 user push-buttons","Reset button","32.768 kHz crystal"],"powerOptions":["ST-LINK USB VBUS","External SMPS"],"development":["STM32CubeIDE","Mbed OS","Zephyr RTOS"],"purpose":"High-performance MCU development and prototyping"}",,,,,,,,,,,,,,,
9,EL-CB-003.jpg,EL-CB-003,ELEGOO,Arduino MEGA 2560 R3 Compatible Board with ATmega2560 MCU,Engineering Development Tools,Embedded Processor Development Kits,Development Board,1,"{"mcu":"ATmega2560-16AU + ATmega16U2","clockSpeed":"16 MHz","operatingVoltage":"5V","inputVoltage":"7-12V (recommended)","inputVoltageLimits":"6-20V","digitalIO":"54 pins (15 PWM outputs)","analogInputs":"16 pins","dcCurrentPerPin":"40 mA","dcCurrent3v3Pin":"50 mA","flashMemory":"256 KB (8 KB bootloader)","sram":"8 KB","eeprom":"4 KB","usbChip":"ATmega16U2","powerConnector":"5.5 x 2.1mm DC barrel jack","protection":"Resettable fuse for USB protection","compatibility":"100% Arduino IDE compatible","features":["SDA/SCL pins near AREF","IOREF pin","Stronger RESET circuit"],"applications":["3D printers","Robotics","Complex projects"],"purpose":"Advanced Arduino projects requiring more I/O and memory"}",,,,,,,,,,,,,,,
10,14.0001.08.jpg,14.0001.08,ELEGOO,Arduino UNO R3 Compatible Board with ATmega328P MCU,Engineering Development Tools,Embedded Processor Development Kits,Development Board,1,"{"mcu":"ATmega328P + ATmega16U2","clockSpeed":"16 MHz","operatingVoltage":"5V","inputVoltage":"7-12V","digitalIO":"14 pins (6 PWM outputs)","analogInputs":"6 pins","flashMemory":"32 KB (0.5 KB bootloader)","sram":"2 KB","eeprom":"1 KB","usbChip":"ATmega16U2","communication":"USB to Serial","compatibility":"100% Arduino IDE compatible","features":["RX/TX LEDs","SDA/SCL pins beside AREF","IOREF pin","Clear printed headers"],"powerSupply":["USB connection","External power supply"],"certifications":"RoHS Compliant","applications":["Learning electronics","Basic prototyping","IoT projects"],"purpose":"Entry-level Arduino development and learning"}",,,,,,,,,,,,,,,
11,,1.8inch-LCD-Module,Waveshare,1.8inch TFT LCD Module with ST7735S Controller,Opto-electronics,Displays,TFT LCD Display,2,"{"displaySize":"1.8 inch diagonal","resolution":"128x160 pixels","colorDepth":"RGB 65K color","panelType":"TFT","driverChip":"ST7735S","interface":"SPI (4-wire)","operatingVoltage":"3.3V/5V","pins":["VCC","GND","DIN","CLK","CS","DC","RST","BL"],"dimensions":"56.5 x 34.0 mm","connector":"PH2.0","features":["Embedded controller","LED backlight","Minimal GPIO requirements"],"compatibility":["Raspberry Pi","Arduino","STM32"],"applications":["Embedded displays","IoT projects","Data visualization","User interfaces"],"purpose":"Compact color display for embedded projects"}",,,,,,,,,,,,,,,
12,,GRBBRD830,OEM,Breadboard 830 Tie Point (Classic),Tools & Supplies,Prototyping Products,Solderless Breadboard,2,"{"tiePoints":830,"tiePointBreakdown":"630 main + 200 power rails","weight":"0.0931kg","style":"Classic","powerRails":4,"wireCompatibility":"22-26 AWG","contactRating":"1A","voltageRating":"500V","material":"ABS Plastic","features":"Adhesive backing, Numbered rows/columns"}",,,,,,,,,,,,,,,
13,,EC16E20-24P24C-SW,SR Passives,Rotary Encoder 16mm 24P/R with Switch,Electromechanical,Encoders,Incremental Encoder,4,"{"type":"Incremental encoder","mountingType":"THT (Through-Hole)","resolution":"24 impulses/revolution","positions":"24","outputSignal":"Two phase A and B","size":"16mm","operatingVoltage":"5V DC Max","operatingCurrent":"5mA","mechanicalDurability":"50,000 cycles","shaftLength":"13mm","shaftSurface":"D spring","switch":"Integrated push switch","outputType":"Digital quadrature","features":["Two-phase output","Integrated push button","Helicoidal design","Through-hole mounting"]}",,,,,,,,,,,,,,,
14,,CDE23N-60-B10K,SR Passives,Slide Pot - X-Large (10k Linear Taper),Passive Components,Potentiometers Trimmers & Rheostats,Linear Slide Potentiometer,3,"{"resistance":"10kΩ ±20%","taper":"Linear","powerRating":"0.5W (500mW)","maxOperatingVoltage":"500V","trackMaterial":"Carbon","bodyMaterial":"Metal","mountingType":"THT (Through-Hole)","connectionType":"Solder tab connections","potentiometerType":"Mono","design":"Slide-type","weight":"0.04kg","features":["X-Large size","Linear taper","Through-hole mounting","Metal body construction","Carbon track"]}",,,,,,,,,,,,,,,
15,,KFC-012-12,OEM,Tact Switch 12x12mm 12mm Height 4-Pin,Electromechanical,Switches,Tactile Switch,11,"{"dimensions":"12x12mm","height":"12mm","pins":"4-pin","switchType":"SPST-NO (Normally Open)","function":"ON-OFF","operatingForce":"180/250 ±30gf","electricalRating":"50mA / 12VDC","dielectricStrength":"AC250V (50/60Hz for 1 minute)","insulationResistance":"100MΩ minimum","contactResistance":"50mΩ max (initial)","electricalLife":"50,000 cycles","operatingTemperature":"-25°C to 70°C","protectionLevel":"IP40","mountingType":"PCB (Through-Hole)","features":["Tactile feedback","4-pin configuration","Compact 12x12mm footprint","IP40 protection","Long electrical life"]}",,,,,,,,,,,,,,,
16,,R-10R,ELEGOO,Resistor 10Ω ±1% 1/4W Through-Hole,Passive Components,Resistors,Through-Hole Resistors,10,"{"resistance":"10Ω","tolerance":"±1%","powerRating":"1/4W (0.25W)","mountingType":"THT (Through-Hole)","packageType":"Axial","colorCode":"Brown-Black-Black-Gold-Brown","certification":"RoHS Compliant","features":["Precision 1% tolerance","Color coded identification","Axial through-hole package","Low noise carbon film"]}",,,,,,,,,,,,,,,
17,,R-110R,ELEGOO,Resistor 110Ω ±1% 1/4W Through-Hole,Passive Components,Resistors,Through-Hole Resistors,10,Components Storage,"{"resistance":"110Ω","tolerance":"±1%","powerRating":"1/4W (0.25W)","mountingType":"THT (Through-Hole)","packageType":"Axial","colorCode":"Brown-Brown-Brown-Gold-Brown","certification":"RoHS Compliant","features":["Precision 1% tolerance","Color coded identification","Axial through-hole package","Low noise carbon film"]}"
18,,R-220R,ELEGOO,Resistor 220Ω ±1% 1/4W Through-Hole,Passive Components,Resistors,Through-Hole Resistors,30,"{"resistance":"220Ω","tolerance":"±1%","powerRating":"1/4W (0.25W)","mountingType":"THT (Through-Hole)","packageType":"Axial","colorCode":"Red-Red-Brown-Gold-Brown","certification":"RoHS Compliant","features":["Precision 1% tolerance","Color coded identification","Axial through-hole package","Low noise carbon film","Extra quantity for LED applications"]}",,,,,,,,,,,,,,,
19,,R-330R,ELEGOO,Resistor 330Ω ±1% 1/4W Through-Hole,Passive Components,Resistors,Through-Hole Resistors,10,Components Storage,"{"resistance":"330Ω","tolerance":"±1%","powerRating":"1/4W (0.25W)","mountingType":"THT (Through-Hole)","packageType":"Axial","colorCode":"Orange-Orange-Brown-Gold-Brown","certification":"RoHS Compliant","features":["Precision 1% tolerance","Color coded identification","Axial through-hole package","Low noise carbon film"]}"
20,,R-1K,ELEGOO,Resistor 1kΩ ±1% 1/4W Through-Hole,Passive Components,Resistors,Through-Hole Resistors,10,"{"resistance":"1kΩ","tolerance":"±1%","powerRating":"1/4W (0.25W)","mountingType":"THT (Through-Hole)","packageType":"Axial","colorCode":"Brown-Black-Red-Gold-Brown","certification":"RoHS Compliant","features":["Precision 1% tolerance","Color coded identification","Axial through-hole package","Low noise carbon film"]}",,,,,,,,,,,,,,,
21,,R-2K,ELEGOO,Resistor 2kΩ ±1% 1/4W Through-Hole,Passive Components,Resistors,Through-Hole Resistors,10,Components Storage,"{"resistance":"2kΩ","tolerance":"±1%","powerRating":"1/4W (0.25W)","mountingType":"THT (Through-Hole)","packageType":"Axial","colorCode":"Red-Black-Red-Gold-Brown","certification":"RoHS Compliant","features":["Precision 1% tolerance","Color coded identification","Axial through-hole package","Low noise carbon film"]}"
22,,R-5K1,ELEGOO,Resistor 5.1kΩ ±1% 1/4W Through-Hole,Passive Components,Resistors,Through-Hole Resistors,10,"{"resistance":"5.1kΩ","tolerance":"±1%","powerRating":"1/4W (0.25W)","mountingType":"THT (Through-Hole)","packageType":"Axial","colorCode":"Green-Brown-Red-Gold-Brown","certification":"RoHS Compliant","features":["Precision 1% tolerance","Color coded identification","Axial through-hole package","Low noise carbon film"]}",,,,,,,,,,,,,,,
23,,R-10K,ELEGOO,Resistor 10kΩ ±1% 1/4W Through-Hole,Passive Components,Resistors,Through-Hole Resistors,10,Components Storage,"{"resistance":"10kΩ","tolerance":"±1%","powerRating":"1/4W (0.25W)","mountingType":"THT (Through-Hole)","packageType":"Axial","colorCode":"Brown-Black-Orange-Gold-Brown","certification":"RoHS Compliant","features":["Precision 1% tolerance","Color coded identification","Axial through-hole package","Low noise carbon film"]}"
24,,R-100K,ELEGOO,Resistor 100kΩ ±1% 1/4W Through-Hole,Passive Components,Resistors,Through-Hole Resistors,10,"{"resistance":"100kΩ","tolerance":"±1%","powerRating":"1/4W (0.25W)","mountingType":"THT (Through-Hole)","packageType":"Axial","colorCode":"Brown-Black-Yellow-Gold-Brown","certification":"RoHS Compliant","features":["Precision 1% tolerance","Color coded identification","Axial through-hole package","Low noise carbon film"]}",,,,,,,,,,,,,,,
25,,R-1M,ELEGOO,Resistor 1MΩ ±1% 1/4W Through-Hole,Passive Components,Resistors,Through-Hole Resistors,10,Components Storage,"{"resistance":"1MΩ","tolerance":"±1%","powerRating":"1/4W (0.25W)","mountingType":"THT (Through-Hole)","packageType":"Axial","colorCode":"Brown-Black-Green-Gold-Brown","certification":"RoHS Compliant","features":["Precision 1% tolerance","Color coded identification","Axial through-hole package","Low noise carbon film"]}"
26,HC-SR04.png,HC-SR04,OEM,Ultrasonic Distance Sensor,Sensors,Distance Sensors,Ultrasonic Sensor,1,"{"operatingVoltage":"5V DC","quiescentCurrent":"<2mA","workingCurrent":"15mA","rangingDistance":"2cm - 400cm","resolution":"0.3cm","measuringAngle":"<15 degrees","ultrasonicFrequency":"40kHz","triggerInputPulse":"10µs high-level pulse","dimensions":"45mm x 20mm x 15mm"}"
27,,DHT11,OEM,"Temperature and Humidity Module",Sensors,"Temperature & Humidity Sensors","Digital Sensor",1,"{"operatingVoltage":"3.3V-5.5V DC","temperatureRange":"0-50°C","temperatureAccuracy":"±2°C","humidityRange":"20-90% RH","humidityAccuracy":"±5% RH","samplingRate":"1Hz","dimensions":"15.5mm x 12mm x 5.5mm"}"
28,,GL5528,OEM,"Photoresistor (LDR)",Passive Components,Resistors,"Variable Resistor",2,"{"darkResistance":">20MΩ","lightResistance":"8-20kΩ","maxVoltage":"250V","maxPower":"200mW","spectralPeak":"560nm"}"
29,,MF52D-103F-3950,OEM,"Thermistor (NTC)",Passive Components,Resistors,"Variable Resistor",1,"{"resistance":"10kΩ at 25°C","type":"NTC","bValue":"3950K","tolerance":"±1%","operatingTemperature":"-40°C to +125°C"}"
30,,SW-200D,OEM,"Tilt Ball Switch",Sensors,"Tilt Sensors","Tilt Switch",1,"{"operatingVoltage":"12V DC","contactRating":"25mA","operatingAngle":"±10° to ±20°","contactType":"Normally Open","operatingTemperature":"-40°C to +85°C"}"
31,,KY-022,OEM,"IR Receiver Module (VS1838B)",Sensors,"IR Sensors","IR Receiver",1,"{"operatingVoltage":"2.7V-5.5V","carrierFrequency":"38kHz","receptionDistance":"18m","receptionAngle":"±45°","wavelength":"940nm"}"
32,KY-023.png,KY-023,OEM,"Joystick Module",Electromechanical,"Joysticks","Analog Joystick",1,"{"operatingVoltage":"3.3V-5V","axes":"2 (X, Y)","button":"1 (Z-axis press)","output":"2x Analog, 1x Digital","dimensions":"40mm x 28mm"}"
33,SG90.png,SG90,Tower Pro,"Servo Motor",Actuators and Motors,Servos,"Micro Servo",1,"{"operatingVoltage":"4.8V-6V","stallTorque":"1.8kg/cm (4.8V)","operatingSpeed":"0.1s/60°","rotation":"180°","weight":"9g","gears":"Plastic"}"
34,28BYJ-48.jpg,28BYJ-48,Kiatronics,"Stepper Motor",Actuators and Motors,"Stepper Motors","Unipolar Stepper Motor",1,"{"voltage":"5V DC","strideAngle":"5.625°/64","reductionRatio":"1/64","torque":">34.3mN.m","phases":4}"
35,ULN2003.png,ULN2003,OEM,"Stepper Motor Driver Board (ULN2003A Chip)",Actuators and Motors,"Motor Drivers","Stepper Driver",1,"{"driverChip":"ULN2003A","voltage":"5V-12V DC","currentPerChannel":"500mA","inputs":4,"ledIndicators":true}"
36,,KY-012,OEM,"Active Buzzer",Actuators and Motors,Buzzers,"Active Buzzer",1,"{"voltage":"3.5V-5.5V","current":"<30mA","frequency":"2300Hz ±500Hz","soundOutput":">85dB"}"
37,,KY-006,OEM,"Passive Buzzer",Actuators and Motors,Buzzers,"Passive Buzzer",1,"{"voltage":"3.3V-5V","frequencyRange":"50Hz-14kHz","resonantFrequency":"~2048Hz","soundOutput":">85dB"}"
38,SRD-05VDC-SL-C.png,SRD-05VDC-SL-C,Songle,"5V Relay",Electromechanical,Relays,"SPDT Relay",1,"{"coilVoltage":"5V DC","contactRating":"10A @ 250V AC / 30V DC","type":"SPDT","operatingTemperature":"-40°C to +85°C"}"
39,LCD1602.png,LCD1602,OEM,"16x2 Character LCD Module",Display and Indicators,LCD Displays,"Character LCD",1,"{"displayFormat":"16x2","controller":"HD44780 Compatible","voltage":"5V DC","interface":"Parallel (I2C compatible)","backlight":"Blue"}"
40,5161AS.png,5161AS,OEM,"1-Digit 7-Segment Display",Display and Indicators,"7-Segment Displays","1-Digit Display",1,"{"type":"Common Cathode","forwardVoltage":"~2.0V","forwardCurrent":"20mA","color":"Red"}"
41,5641AS.png,5641AS,OEM,"4-Digit 7-Segment Display",Display and Indicators,"7-Segment Displays","4-Digit Display",1,"{"type":"Common Cathode","forwardVoltage":"~2.0V","forwardCurrent":"20mA","color":"Red"}"
42,,OEM,OEM,"5mm Red LED",Display and Indicators,LEDs,"Standard LED",5,"{"color":"Red","forwardVoltage":"1.8V-2.2V","forwardCurrent":"20mA","size":"5mm"}"
43,,OEM,OEM,"5mm Green LED",Display and Indicators,LEDs,"Standard LED",5,"{"color":"Green","forwardVoltage":"2.0V-2.4V","forwardCurrent":"20mA","size":"5mm"}"
44,,OEM,OEM,"5mm Blue LED",Display and Indicators,LEDs,"Standard LED",5,"{"color":"Blue","forwardVoltage":"3.0V-3.4V","forwardCurrent":"20mA","size":"5mm"}"
45,,OEM,OEM,"5mm Yellow LED",Display and Indicators,LEDs,"Standard LED",5,"{"color":"Yellow","forwardVoltage":"2.0V-2.4V","forwardCurrent":"20mA","size":"5mm"}"
46,,OEM,OEM,"5mm RGB LED",Display and Indicators,LEDs,"RGB LED",1,"{"type":"Common Cathode","forwardVoltage":"R:2.0V, G:3.2V, B:3.2V","forwardCurrent":"20mA","size":"5mm"}"
47,,TS-1166,Xinda,"Tactile Push Button 6x6mm",Electromechanical,Switches,"Tactile Switch",5,"{"size":"6x6x5mm","pins":4,"type":"SPST-NO","operatingForce":"~160gf"}"
48,,PT10WV10-103A2020-9-NEPM-S,Amphenol Piher,"Potentiometer 10kΩ",Passive Components,"Potentiometers Trimmers & Rheostats","Rotary Potentiometer",1,"{"resistance":"10kΩ","taper":"Linear","pins":3,"shaftType":"Knurled"}"
49,,IR-REMOTE-21,OEM,"21-Key IR Remote",Input Components,Remotes,"IR Remote",1,"{"keys":21,"protocol":"NEC","frequency":"38kHz","battery":"CR2025"}"
50,,1N4007,OEM,"Diode Rectifier",Passive Components,Diodes,"Standard Rectifier",2,"{"maxCurrent":"1A","maxVoltage":"1000V","type":"Silicon"}"
51,,PN2222,OEM,"NPN Transistor",Passive Components,Transistors,"NPN BJT",2,"{"type":"NPN","maxVoltage":"40V","maxCurrent":"600mA","package":"TO-92"}"
52,SN74HC595N.png,SN74HC595N,Texas Instruments,"8-Bit Shift Register",Integrated Circuits,Logic ICs,"Shift Register",1,"{"type":"Serial-to-Parallel","logicFamily":"HC","voltage":"2V-6V","package":"DIP-16"}"
53,,DUPONT-FM-20CM,OEM,"Female-to-Male DuPont Wires",Wire & Cable,"Jumper Wires","DuPont Wire",10,"{"length":"20cm","connectorA":"Female","connectorB":"Male","colors":"Assorted"}"
54,,JUMPER-MM-ASST,OEM,"Jumper Wires",Wire & Cable,"Jumper Wires","Breadboard Jumper",65,"{"length":"Assorted","connectorA":"Male","connectorB":"Male","colors":"Assorted"}"}
55,,DUPONT-MF-KIT,ELEGOO,"Elegoo Dupont Wires - 80 pieces male to female jumper wires",Wire & Cable,Jumper Wires,DuPont Wire,80,"{"length":"20cm","connectorA":"Male","connectorB":"Female","colors":"Assorted"}"
56,,DUPONT-MM-KIT,ELEGOO,"Elegoo Dupont Wires - 80 pieces male to male jumper wires",Wire & Cable,Jumper Wires,DuPont Wire,80,"{"length":"20cm","connectorA":"Male","connectorB":"Male","colors":"Assorted"}"
57,,DUPONT-FF-KIT,ELEGOO,"Elegoo Dupont Wires - 80 pieces female to female jumper wires",Wire & Cable,Jumper Wires,DuPont Wire,80,"{"length":"20cm","connectorA":"Female","connectorB":"Female","colors":"Assorted"}"}
58,,CAP-CER-2PF,OEM,"Ceramic Capacitor 2pF",Passive Components,Capacitors,Ceramic Capacitor,10,"{"type":"Ceramic","mounting":"THT","tolerance":"±10%","operatingTemperature":"-25~85°C"}"}
59,,CAP-CER-3PF,OEM,"Ceramic Capacitor 3pF",Passive Components,Capacitors,Ceramic Capacitor,10,"{"type":"Ceramic","mounting":"THT","tolerance":"±10%","operatingTemperature":"-25~85°C"}"}
60,,CAP-CER-5PF,OEM,"Ceramic Capacitor 5pF",Passive Components,Capacitors,Ceramic Capacitor,10,"{"type":"Ceramic","mounting":"THT","tolerance":"±10%","operatingTemperature":"-25~85°C"}"}
61,,CAP-CER-10PF,OEM,"Ceramic Capacitor 10pF",Passive Components,Capacitors,Ceramic Capacitor,10,"{"type":"Ceramic","mounting":"THT","tolerance":"±10%","operatingTemperature":"-25~85°C"}"}
62,,CAP-CER-15PF,OEM,"Ceramic Capacitor 15pF",Passive Components,Capacitors,Ceramic Capacitor,10,"{"type":"Ceramic","mounting":"THT","tolerance":"±10%","operatingTemperature":"-25~85°C"}"}
63,,CAP-CER-22PF,OEM,"Ceramic Capacitor 22pF",Passive Components,Capacitors,Ceramic Capacitor,10,"{"type":"Ceramic","mounting":"THT","tolerance":"±10%","operatingTemperature":"-25~85°C"}"}
64,,CAP-CER-30PF,OEM,"Ceramic Capacitor 30pF",Passive Components,Capacitors,Ceramic Capacitor,10,"{"type":"Ceramic","mounting":"THT","tolerance":"±10%","operatingTemperature":"-25~85°C"}"}
65,,CAP-CER-33PF,OEM,"Ceramic Capacitor 33pF",Passive Components,Capacitors,Ceramic Capacitor,10,"{"type":"Ceramic","mounting":"THT","tolerance":"±10%","operatingTemperature":"-25~85°C"}"}
66,,CAP-CER-47PF,OEM,"Ceramic Capacitor 47pF",Passive Components,Capacitors,Ceramic Capacitor,10,"{"type":"Ceramic","mounting":"THT","tolerance":"±10%","operatingTemperature":"-25~85°C"}"}
67,,CAP-CER-68PF,OEM,"Ceramic Capacitor 68pF",Passive Components,Capacitors,Ceramic Capacitor,10,"{"type":"Ceramic","mounting":"THT","tolerance":"±10%","operatingTemperature":"-25~85��C"}"}
68,,CAP-CER-75PF,OEM,"Ceramic Capacitor 75pF",Passive Components,Capacitors,Ceramic Capacitor,10,"{"type":"Ceramic","mounting":"THT","tolerance":"±10%","operatingTemperature":"-25~85°C"}"}
69,,CAP-CER-82PF,OEM,"Ceramic Capacitor 82pF",Passive Components,Capacitors,Ceramic Capacitor,10,"{"type":"Ceramic","mounting":"THT","tolerance":"±10%","operatingTemperature":"-25~85°C"}"}
70,,CAP-CER-100PF-101,OEM,"Ceramic Capacitor 100pF (101)",Passive Components,Capacitors,Ceramic Capacitor,10,"{"type":"Ceramic","mounting":"THT","tolerance":"±10%","operatingTemperature":"-25~85°C"}"}
71,,CAP-CER-150PF-151,OEM,"Ceramic Capacitor 150pF (151)",Passive Components,Capacitors,Ceramic Capacitor,10,"{"type":"Ceramic","mounting":"THT","tolerance":"±10%","operatingTemperature":"-25~85°C"}"}
72,,CAP-CER-220PF-221,OEM,"Ceramic Capacitor 220pF (221)",Passive Components,Capacitors,Ceramic Capacitor,10,"{"type":"Ceramic","mounting":"THT","tolerance":"±10%","operatingTemperature":"-25~85°C"}"}
73,,CAP-CER-330PF-331,OEM,"Ceramic Capacitor 330pF (331)",Passive Components,Capacitors,Ceramic Capacitor,10,"{"type":"Ceramic","mounting":"THT","tolerance":"±10%","operatingTemperature":"-25~85°C"}"}
74,,CAP-CER-470PF-471,OEM,"Ceramic Capacitor 470pF (471)",Passive Components,Capacitors,Ceramic Capacitor,10,"{"type":"Ceramic","mounting":"THT","tolerance":"±10%","operatingTemperature":"-25~85°C"}"}
75,,CAP-CER-1NF-102,OEM,"Ceramic Capacitor 1nF (102)",Passive Components,Capacitors,Ceramic Capacitor,10,"{"type":"Ceramic","mounting":"THT","tolerance":"±10%","operatingTemperature":"-25~85°C"}"}
76,,CAP-CER-1.5NF-152,OEM,"Ceramic Capacitor 1.5nF (152)",Passive Components,Capacitors,Ceramic Capacitor,10,"{"type":"Ceramic","mounting":"THT","tolerance":"±10%","operatingTemperature":"-25~85°C"}"}
77,,CAP-CER-2.2NF-222,OEM,"Ceramic Capacitor 2.2nF (222)",Passive Components,Capacitors,Ceramic Capacitor,10,"{"type":"Ceramic","mounting":"THT","tolerance":"±10%","operatingTemperature":"-25~85°C"}"}
78,,CAP-CER-3.3NF-332,OEM,"Ceramic Capacitor 3.3nF (332)",Passive Components,Capacitors,Ceramic Capacitor,10,"{"type":"Ceramic","mounting":"THT","tolerance":"±10%","operatingTemperature":"-25~85°C"}"}
79,,CAP-CER-4.7NF-472,OEM,"Ceramic Capacitor 4.7nF (472)",Passive Components,Capacitors,Ceramic Capacitor,10,"{"type":"Ceramic","mounting":"THT","tolerance":"±10%","operatingTemperature":"-25~85°C"}"}
80,,CAP-CER-6.8NF-681,OEM,"Ceramic Capacitor 6.8nF (681)",Passive Components,Capacitors,Ceramic Capacitor,10,"{"type":"Ceramic","mounting":"THT","tolerance":"±10%","operatingTemperature":"-25~85°C"}"}
81,,CAP-CER-6.82NF-682,OEM,"Ceramic Capacitor 6.82nF (682)",Passive Components,Capacitors,Ceramic Capacitor,10,"{"type":"Ceramic","mounting":"THT","tolerance":"±10%","operatingTemperature":"-25~85°C"}"}
82,,CAP-CER-10NF-103,OEM,"Ceramic Capacitor 10nF (103)",Passive Components,Capacitors,Ceramic Capacitor,10,"{"type":"Ceramic","mounting":"THT","tolerance":"±10%","operatingTemperature":"-25~85°C"}"}
83,,CAP-CER-15NF-153,OEM,"Ceramic Capacitor 15nF (153)",Passive Components,Capacitors,Ceramic Capacitor,10,"{"type":"Ceramic","mounting":"THT","tolerance":"±10%","operatingTemperature":"-25~85°C"}"}
84,,CAP-CER-22NF-223,OEM,"Ceramic Capacitor 22nF (223)",Passive Components,Capacitors,Ceramic Capacitor,10,"{"type":"Ceramic","mounting":"THT","tolerance":"±10%","operatingTemperature":"-25~85°C"}"}
85,,CAP-CER-47NF-473,OEM,"Ceramic Capacitor 47nF (473)",Passive Components,Capacitors,Ceramic Capacitor,10,"{"type":"Ceramic","mounting":"THT","tolerance":"±10%","operatingTemperature":"-25~85°C"}"}
86,,CAP-CER-68NF-683,OEM,"Ceramic Capacitor 68nF (683)",Passive Components,Capacitors,Ceramic Capacitor,10,"{"type":"Ceramic","mounting":"THT","tolerance":"±10%","operatingTemperature":"-25~85°C"}"}
87,,CAP-CER-100NF-104,OEM,"Ceramic Capacitor 100nF (104)",Passive Components,Capacitors,Ceramic Capacitor,10,"{"type":"Ceramic","mounting":"THT","tolerance":"±10%","operatingTemperature":"-25~85°C"}"}
88,,CAP-ELEC-0.1UF-50V,OEM,"Electrolytic Capacitor 0.1uF 50V",Passive Components,Capacitors,Electrolytic Capacitor,15,"{"capacitance":"0.1uF","voltage":"50V","dimensions":"4x7mm","type":"Electrolytic","mounting":"THT","tolerance":"±20%","operatingTemperature":"-40~105°C"}"}
89,,CAP-ELEC-0.22UF-50V,OEM,"Electrolytic Capacitor 0.22uF 50V",Passive Components,Capacitors,Electrolytic Capacitor,15,"{"capacitance":"0.22uF","voltage":"50V","dimensions":"5x11mm","type":"Electrolytic","mounting":"THT","tolerance":"±20%","operatingTemperature":"-40~105°C"}"}
90,,CAP-ELEC-0.47UF-50V,OEM,"Electrolytic Capacitor 0.47uF 50V",Passive Components,Capacitors,Electrolytic Capacitor,15,"{"capacitance":"0.47uF","voltage":"50V","dimensions":"5x11mm","type":"Electrolytic","mounting":"THT","tolerance":"±20%","operatingTemperature":"-40~105°C"}"}
91,,CAP-ELEC-1UF-50V,OEM,"Electrolytic Capacitor 1uF 50V",Passive Components,Capacitors,Electrolytic Capacitor,15,"{"capacitance":"1uF","voltage":"50V","dimensions":"5x11mm","type":"Electrolytic","mounting":"THT","tolerance":"±20%","operatingTemperature":"-40~105°C"}"}
92,,CAP-ELEC-2.2UF-50V,OEM,"Electrolytic Capacitor 2.2uF 50V",Passive Components,Capacitors,Electrolytic Capacitor,15,"{"capacitance":"2.2uF","voltage":"50V","dimensions":"4x7mm","type":"Electrolytic","mounting":"THT","tolerance":"±20%","operatingTemperature":"-40~105°C"}"}
93,,CAP-ELEC-3.3UF-50V,OEM,"Electrolytic Capacitor 3.3uF 50V",Passive Components,Capacitors,Electrolytic Capacitor,15,"{"capacitance":"3.3uF","voltage":"50V","dimensions":"4x7mm","type":"Electrolytic","mounting":"THT","tolerance":"±20%","operatingTemperature":"-40~105°C"}"}
94,,CAP-ELEC-4.7UF-50V,OEM,"Electrolytic Capacitor 4.7uF 50V",Passive Components,Capacitors,Electrolytic Capacitor,15,"{"capacitance":"4.7uF","voltage":"50V","dimensions":"4x7mm","type":"Electrolytic","mounting":"THT","tolerance":"±20%","operatingTemperature":"-40~105°C"}"}
95,,CAP-ELEC-10UF-25V,OEM,"Electrolytic Capacitor 10uF 25V",Passive Components,Capacitors,Electrolytic Capacitor,15,"{"capacitance":"10uF","voltage":"25V","dimensions":"4x7mm","type":"Electrolytic","mounting":"THT","tolerance":"±20%","operatingTemperature":"-40~105°C"}"}
96,,CAP-ELEC-22UF-25V,OEM,"Electrolytic Capacitor 22uF 25V",Passive Components,Capacitors,Electrolytic Capacitor,15,"{"capacitance":"22uF","voltage":"25V","dimensions":"4x7mm","type":"Electrolytic","mounting":"THT","tolerance":"±20%","operatingTemperature":"-40~105°C"}"}
97,,CAP-ELEC-33UF-16V,OEM,"Electrolytic Capacitor 33uF 16V",Passive Components,Capacitors,Electrolytic Capacitor,15,"{"capacitance":"33uF","voltage":"16V","dimensions":"4x7mm","type":"Electrolytic","mounting":"THT","tolerance":"±20%","operatingTemperature":"-40~105°C"}"}
98,,CAP-ELEC-47UF-16V,OEM,"Electrolytic Capacitor 47uF 16V",Passive Components,Capacitors,Electrolytic Capacitor,10,"{"capacitance":"47uF","voltage":"16V","dimensions":"5x11mm","type":"Electrolytic","mounting":"THT","tolerance":"±20%","operatingTemperature":"-40~105°C"}"}
99,,CAP-ELEC-47UF-25V,OEM,"Electrolytic Capacitor 47uF 25V",Passive Components,Capacitors,Electrolytic Capacitor,10,"{"capacitance":"47uF","voltage":"25V","dimensions":"5x11mm","type":"Electrolytic","mounting":"THT","tolerance":"±20%","operatingTemperature":"-40~105°C"}"}
100,,CAP-ELEC-100UF-10V,OEM,"Electrolytic Capacitor 100uF 10V",Passive Components,Capacitors,Electrolytic Capacitor,10,"{"capacitance":"100uF","voltage":"10V","dimensions":"5x11mm","type":"Electrolytic","mounting":"THT","tolerance":"±20%","operatingTemperature":"-40~105°C"}"}
101,,CAP-ELEC-100UF-25V,OEM,"Electrolytic Capacitor 100uF 25V",Passive Components,Capacitors,Electrolytic Capacitor,10,"{"capacitance":"100uF","voltage":"25V","dimensions":"5x11mm","type":"Electrolytic","mounting":"THT","tolerance":"±20%","operatingTemperature":"-40~105°C"}"}
102,,CAP-ELEC-220UF-10V,OEM,"Electrolytic Capacitor 220uF 10V",Passive Components,Capacitors,Electrolytic Capacitor,10,"{"capacitance":"220uF","voltage":"10V","dimensions":"5x11mm","type":"Electrolytic","mounting":"THT","tolerance":"±20%","operatingTemperature":"-40~105°C"}"}
103,,1040-0500-44,SYNFLEX,Enameled Copper Wire,Wire & Cable,Magnet Wire,Enameled Copper Wire,1,"{"Weight":"0.26 kg","Outside Diameter":"0.5 mm","Package":"0.25 kg","Length in Roll":"142 m","Coating":"Single","Max Operating Temperature":"180 °C"}"